Trade ID,Symbol,Strategy Version,Entry timestamp,Exit timestamp,Side,Entry price,Exit price,Notional,Gross P&L,Funding P&L,Fees,Slippage,Net P&L,Equity after trade,Drawdown %,Signal,Status
7,BTCUSDT,Candidate_C_v1.1_Fixed_Accounting,2020-07-11 00:00:00+00:00,2020-07-11 08:00:00+00:00,Long Spot / Short Perp,9269.98,9223.92,100000.0,0.0,10.0,2589146.0,924695.0,-0.0,0.0,100.0,HOLD_CARRY,HALT_CIRCUIT_BREAKER
8,BTCUSDT,Candidate_C_v1.1_Fixed_Accounting,2020-07-22 16:00:00+00:00,2020-09-04 08:00:00+00:00,Long Spot / Short Perp,9518.25,10427.24,100000.0,0.0,2833.203,2792368.6,997274.5,-0.0,0.0,100.0,HOLD_CARRY,HALT_CIRCUIT_BREAKER
9,BTCUSDT,Candidate_C_v1.1_Fixed_Accounting,2020-09-15 00:00:00+00:00,2020-09-22 08:00:00+00:00,Long Spot / Short Perp,10735.41,10448.68,100000.0,0.0,-0.44599999999999945,2965772.5999999996,1059204.5,-0.0,0.0,100.0,HOLD_CARRY,HALT_CIRCUIT_BREAKER
10,BTCUSDT,Candidate_C_v1.1_Fixed_Accounting,2020-09-25 16:00:00+00:00,2020-09-26 00:00:00+00:00,Long Spot / Short Perp,10683.51,10701.39,100000.0,0.0,10.0,2993886.0,1069245.0,-0.0,0.0,100.0,HOLD_CARRY,HALT_CIRCUIT_BREAKER
11,BTCUSDT,Candidate_C_v1.1_Fixed_Accounting,2020-09-29 00:00:00+00:00,2020-09-29 08:00:00+00:00,Long Spot / Short Perp,10722.0,10722.5,100000.0,0.0,10.0,3002230.0,1072225.0,-0.0,0.0,100.0,HOLD_CARRY,HALT_CIRCUIT_BREAKER
12,BTCUSDT,Candidate_C_v1.1_Fixed_Accounting,2020-09-30 08:00:00+00:00,2020-09-30 16:00:00+00:00,Long Spot / Short Perp,10773.26,10773.0,100000.0,0.0,10.0,3016476.4,1077313.0,-0.0,0.0,100.0,HOLD_CARRY,HALT_CIRCUIT_BREAKER
13,BTCUSDT,Candidate_C_v1.1_Fixed_Accounting,2020-10-10 08:00:00+00:00,2021-05-19 00:00:00+00:00,Long Spot / Short Perp,11352.85,40372.57,100000.0,0.0,11654.079,7241558.8,2586271.0,-0.0,0.0,100.0,HOLD_CARRY,HALT_CIRCUIT_BREAKER
14,BTCUSDT,Candidate_C_v1.1_Fixed_Accounting,2021-08-13 08:00:00+00:00,2021-08-18 08:00:00+00:00,Long Spot / Short Perp,46371.2,45827.23,100000.0,0.0,50.0,12907780.2,4609921.5,-0.0,0.0,100.0,HOLD_CARRY,HALT_CIRCUIT_BREAKER
15,BTCUSDT,Candidate_C_v1.1_Fixed_Accounting,2021-08-19 00:00:00+00:00,2021-08-19 16:00:00+00:00,Long Spot / Short Perp,44684.87,46772.0,100000.0,0.0,10.0,12803961.8,4572843.5,-0.0,0.0,100.0,HOLD_CARRY,HALT_CIRCUIT_BREAKER
16,BTCUSDT,Candidate_C_v1.1_Fixed_Accounting,2021-08-20 00:00:00+00:00,2021-09-22 16:00:00+00:00,Long Spot / Short Perp,46871.29,43520.0,100000.0,0.0,464.09100000000007,12654780.6,4519564.5,-0.0,0.0,100.0,HOLD_CARRY,HALT_CIRCUIT_BREAKER
17,BTCUSDT,Candidate_C_v1.1_Fixed_Accounting,2021-09-23 08:00:00+00:00,2021-09-26 08:00:00+00:00,Long Spot / Short Perp,43740.46,43314.19,100000.0,0.0,6.122000000000002,12187651.0,4352732.5,-0.0,0.0,100.0,HOLD_CARRY,HALT_CIRCUIT_BREAKER
18,BTCUSDT,Candidate_C_v1.1_Fixed_Accounting,2021-09-27 00:00:00+00:00,2021-09-28 00:00:00+00:00,Long Spot / Short Perp,43665.96,41762.05,100000.0,0.0,12.549000000000001,11959921.400000002,4271400.5,-0.0,0.0,100.0,HOLD_CARRY,HALT_CIRCUIT_BREAKER
19,BTCUSDT,Candidate_C_v1.1_Fixed_Accounting,2021-10-01 16:00:00+00:00,2021-12-09 16:00:00+00:00,Long Spot / Short Perp,48123.94,47539.76,100000.0,0.0,1251.3439999999998,13392918.0,4783185.0,-0.0,0.0,100.0,HOLD_CARRY,HALT_CIRCUIT_BREAKER
20,BTCUSDT,Candidate_C_v1.1_Fixed_Accounting,2021-12-13 16:00:00+00:00,2021-12-14 08:00:00+00:00,Long Spot / Short Perp,46679.93,46833.09,100000.0,0.0,10.0,13091822.8,4675651.0,-0.0,0.0,100.0,HOLD_CARRY,HALT_CIRCUIT_BREAKER
21,BTCUSDT,Candidate_C_v1.1_Fixed_Accounting,2021-12-24 08:00:00+00:00,2021-12-28 16:00:00+00:00,Long Spot / Short Perp,50923.47,47522.03,100000.0,0.0,50.0,13782370.0,4922275.0,-0.0,0.0,100.0,HOLD_CARRY,HALT_CIRCUIT_BREAKER
22,BTCUSDT,Candidate_C_v1.1_Fixed_Accounting,2022-03-30 00:00:00+00:00,2022-04-01 00:00:00+00:00,Long Spot / Short Perp,47371.6,44993.8,100000.0,0.0,20.0,12931156.0,4618270.0,-0.0,0.0,100.0,HOLD_CARRY,HALT_CIRCUIT_BREAKER
23,BTCUSDT,Candidate_C_v1.1_Fixed_Accounting,2022-11-08 00:00:00+00:00,2022-11-09 00:00:00+00:00,Long Spot / Short Perp,19785.6,18224.9,100000.0,0.0,-13.883999999999999,5321470.0,1900525.0,-0.0,0.0,100.0,HOLD_CARRY,HALT_CIRCUIT_BREAKER
24,BTCUSDT,Candidate_C_v1.1_Fixed_Accounting,2023-01-13 08:00:00+00:00,2023-08-01 08:00:00+00:00,Long Spot / Short Perp,19252.5,28942.9,100000.0,0.0,1720.9189999999999,6747356.0,2409770.0,-0.0,0.0,100.0,HOLD_CARRY,HALT_CIRCUIT_BREAKER
25,BTCUSDT,Candidate_C_v1.1_Fixed_Accounting,2023-08-02 00:00:00+00:00,2023-08-03 00:00:00+00:00,Long Spot / Short Perp,29570.1,29034.0,100000.0,0.0,30.000000000000004,8204574.0,2930205.0,-0.0,0.0,100.0,HOLD_CARRY,HALT_CIRCUIT_BREAKER
26,BTCUSDT,Candidate_C_v1.1_Fixed_Accounting,2023-08-09 00:00:00+00:00,2023-08-10 08:00:00+00:00,Long Spot / Short Perp,29807.9,29452.8,100000.0,0.0,28.404,8296498.0,2963035.0,-0.0,0.0,100.0,HOLD_CARRY,HALT_CIRCUIT_BREAKER
27,BTCUSDT,Candidate_C_v1.1_Fixed_Accounting,2023-09-28 16:00:00+00:00,2023-09-29 16:00:00+00:00,Long Spot / Short Perp,27011.8,26890.9,100000.0,0.0,-5.985,7546378.0,2695135.0,-0.0,0.0,100.0,HOLD_CARRY,HALT_CIRCUIT_BREAKER
28,BTCUSDT,Candidate_C_v1.1_Fixed_Accounting,2023-09-30 00:00:00+00:00,2024-01-19 00:00:00+00:00,Long Spot / Short Perp,26915.9,41282.0,100000.0,0.0,3401.242,9547706.0,3409895.0,-0.0,0.0,100.0,HOLD_CARRY,HALT_CIRCUIT_BREAKER
29,BTCUSDT,Candidate_C_v1.1_Fixed_Accounting,2024-01-30 00:00:00+00:00,2024-02-01 00:00:00+00:00,Long Spot / Short Perp,43346.6,42182.2,100000.0,0.0,41.646,11974032.0,4276440.0,-0.0,0.0,100.0,HOLD_CARRY,HALT_CIRCUIT_BREAKER
30,BTCUSDT,Candidate_C_v1.1_Fixed_Accounting,2024-02-02 08:00:00+00:00,2024-02-04 16:00:00+00:00,Long Spot / Short Perp,43222.9,42570.3,100000.0,0.0,44.976000000000006,12011048.0,4289660.0,-0.0,0.0,100.0,HOLD_CARRY,HALT_CIRCUIT_BREAKER
31,BTCUSDT,Candidate_C_v1.1_Fixed_Accounting,2024-02-05 08:00:00+00:00,2024-02-05 16:00:00+00:00,Long Spot / Short Perp,42629.7,42692.9,100000.0,0.0,10.0,11945164.0,4266130.0,-0.0,0.0,100.0,HOLD_CARRY,HALT_CIRCUIT_BREAKER
32,BTCUSDT,Candidate_C_v1.1_Fixed_Accounting,2024-02-06 16:00:00+00:00,2024-04-14 16:00:00+00:00,Long Spot / Short Perp,43079.1,65615.9,100000.0,0.0,4317.701,15217299.999999998,5434750.0,-0.0,0.0,100.0,HOLD_CARRY,HALT_CIRCUIT_BREAKER
33,BTCUSDT,Candidate_C_v1.1_Fixed_Accounting,2024-04-15 00:00:00+00:00,2024-04-16 08:00:00+00:00,Long Spot / Short Perp,66224.8,61749.2,100000.0,0.0,19.525,17916360.0,6398700.0,-0.0,0.0,100.0,HOLD_CARRY,HALT_CIRCUIT_BREAKER
34,BTCUSDT,Candidate_C_v1.1_Fixed_Accounting,2024-04-23 00:00:00+00:00,2024-04-23 08:00:00+00:00,Long Spot / Short Perp,66079.9,66393.2,100000.0,0.0,5.24,18546234.0,6623655.0,-0.0,0.0,100.0,HOLD_CARRY,HALT_CIRCUIT_BREAKER
35,BTCUSDT,Candidate_C_v1.1_Fixed_Accounting,2024-04-24 08:00:00+00:00,2024-04-24 16:00:00+00:00,Long Spot / Short Perp,64594.0,64250.0,100000.0,0.0,7.047,18038160.0,6442200.0,-0.0,0.0,100.0,HOLD_CARRY,HALT_CIRCUIT_BREAKER
36,BTCUSDT,Candidate_C_v1.1_Fixed_Accounting,2024-05-16 08:00:00+00:00,2024-06-17 16:00:00+00:00,Long Spot / Short Perp,65800.1,66472.1,100000.0,0.0,820.845,18518108.000000004,6613610.000000001,-0.0,0.0,100.0,HOLD_CARRY,HALT_CIRCUIT_BREAKER
37,BTCUSDT,Candidate_C_v1.1_Fixed_Accounting,2024-06-18 00:00:00+00:00,2024-06-18 08:00:00+00:00,Long Spot / Short Perp,65646.4,64676.8,100000.0,0.0,8.236,18245248.0,6516160.0,-0.0,0.0,100.0,HOLD_CARRY,HALT_CIRCUIT_BREAKER
38,BTCUSDT,Candidate_C_v1.1_Fixed_Accounting,2024-07-16 16:00:00+00:00,2024-07-18 00:00:00+00:00,Long Spot / Short Perp,65010.0,64644.8,100000.0,0.0,-0.5870000000000003,18151672.0,6482740.0,-0.0,0.0,100.0,HOLD_CARRY,HALT_CIRCUIT_BREAKER
39,BTCUSDT,Candidate_C_v1.1_Fixed_Accounting,2024-07-19 16:00:00+00:00,2024-07-25 08:00:00+00:00,Long Spot / Short Perp,66627.9,64773.3,100000.0,0.0,82.612,18396168.0,6570060.0,-0.0,0.0,100.0,HOLD_CARRY,HALT_CIRCUIT_BREAKER
40,BTCUSDT,Candidate_C_v1.1_Fixed_Accounting,2024-07-25 16:00:00+00:00,2024-08-01 16:00:00+00:00,Long Spot / Short Perp,65773.0,65328.9,100000.0,0.0,123.36,18354266.0,6555095.0,-0.0,0.0,100.0,HOLD_CARRY,HALT_CIRCUIT_BREAKER
41,BTCUSDT,Candidate_C_v1.1_Fixed_Accounting,2024-08-02 00:00:00+00:00,2024-08-03 00:00:00+00:00,Long Spot / Short Perp,64146.0,61636.0,100000.0,0.0,20.0,17609480.0,6289100.0,-0.0,0.0,100.0,HOLD_CARRY,HALT_CIRCUIT_BREAKER
42,BTCUSDT,Candidate_C_v1.1_Fixed_Accounting,2024-08-23 16:00:00+00:00,2024-08-28 00:00:00+00:00,Long Spot / Short Perp,64019.9,58579.0,100000.0,0.0,11.322999999999999,17163846.0,6129945.0,-0.0,0.0,100.0,HOLD_CARRY,HALT_CIRCUIT_BREAKER
43,BTCUSDT,Candidate_C_v1.1_Fixed_Accounting,2024-09-17 16:00:00+00:00,2024-09-18 00:00:00+00:00,Long Spot / Short Perp,60281.0,60403.7,100000.0,0.0,1.344,16895858.0,6034235.0,-0.0,0.0,100.0,HOLD_CARRY,HALT_CIRCUIT_BREAKER
44,BTCUSDT,Candidate_C_v1.1_Fixed_Accounting,2024-09-19 08:00:00+00:00,2024-10-11 00:00:00+00:00,Long Spot / Short Perp,63129.0,60643.3,100000.0,0.0,266.217,17328122.0,6188615.0,-0.0,0.0,100.0,HOLD_CARRY,HALT_CIRCUIT_BREAKER
45,BTCUSDT,Candidate_C_v1.1_Fixed_Accounting,2024-10-11 08:00:00+00:00,2025-01-09 00:00:00+00:00,Long Spot / Short Perp,62218.0,93176.4,100000.0,0.0,2688.452,21755216.0,7769720.0,-0.0,0.0,100.0,HOLD_CARRY,HALT_CIRCUIT_BREAKER
46,BTCUSDT,Candidate_C_v1.1_Fixed_Accounting,2025-01-15 08:00:00+00:00,2025-02-02 16:00:00+00:00,Long Spot / Short Perp,98943.4,97664.5,100000.0,0.0,368.53400000000005,27525106.0,9830395.0,-0.0,0.0,100.0,HOLD_CARRY,HALT_CIRCUIT_BREAKER
47,BTCUSDT,Candidate_C_v1.1_Fixed_Accounting,2025-02-04 00:00:00+00:00,2025-02-04 16:00:00+00:00,Long Spot / Short Perp,98405.1,97709.9,100000.0,0.0,4.138,27456100.0,9805750.0,-0.0,0.0,100.0,HOLD_CARRY,HALT_CIRCUIT_BREAKER
48,BTCUSDT,Candidate_C_v1.1_Fixed_Accounting,2025-04-22 08:00:00+00:00,2025-08-26 16:00:00+00:00,Long Spot / Short Perp,90881.2,111709.9,100000.0,0.0,873.8660000000001,28362754.0,10129555.0,-0.0,0.0,100.0,HOLD_CARRY,HALT_CIRCUIT_BREAKER
49,BTCUSDT,Candidate_C_v1.1_Fixed_Accounting,2025-08-27 08:00:00+00:00,2025-08-29 08:00:00+00:00,Long Spot / Short Perp,111965.1,108334.4,100000.0,0.0,15.414000000000001,30841930.0,11014975.0,-0.0,0.0,100.0,HOLD_CARRY,HALT_CIRCUIT_BREAKER
50,BTCUSDT,Candidate_C_v1.1_Fixed_Accounting,2025-09-08 16:00:00+00:00,2025-09-09 16:00:00+00:00,Long Spot / Short Perp,112012.6,111499.9,100000.0,0.0,23.799,31291750.0,11175625.0,-0.0,0.0,100.0,HOLD_CARRY,HALT_CIRCUIT_BREAKER
51,BTCUSDT,Candidate_C_v1.1_Fixed_Accounting,2025-09-10 16:00:00+00:00,2025-09-25 00:00:00+00:00,Long Spot / Short Perp,113896.8,111708.5,100000.0,0.0,73.05899999999998,31584742.0,11280265.0,-0.0,0.0,100.0,HOLD_CARRY,HALT_CIRCUIT_BREAKER
52,BTCUSDT,Candidate_C_v1.1_Fixed_Accounting,2025-10-01 00:00:00+00:00,2025-10-11 16:00:00+00:00,Long Spot / Short Perp,114480.8,110579.1,100000.0,0.0,103.752,31508386.0,11252995.0,-0.0,0.0,100.0,HOLD_CARRY,HALT_CIRCUIT_BREAKER
53,BTCUSDT,Candidate_C_v1.1_Fixed_Accounting,2025-10-14 00:00:00+00:00,2025-10-14 08:00:00+00:00,Long Spot / Short Perp,111665.2,112823.0,100000.0,0.0,0.712,31428348.0,11224410.0,-0.0,0.0,100.0,HOLD_CARRY,HALT_CIRCUIT_BREAKER
54,BTCUSDT,Candidate_C_v1.1_Fixed_Accounting,2025-10-27 16:00:00+00:00,2025-10-28 00:00:00+00:00,Long Spot / Short Perp,114064.1,114128.7,100000.0,0.0,6.059,31946992.0,11409640.0,-0.0,0.0,100.0,HOLD_CARRY,HALT_CIRCUIT_BREAKER
55,BTCUSDT,Candidate_C_v1.1_Fixed_Accounting,2025-10-29 16:00:00+00:00,2025-10-31 00:00:00+00:00,Long Spot / Short Perp,109985.6,109400.1,100000.0,0.0,0.213,30713998.0,10969285.0,-0.0,0.0,100.0,HOLD_CARRY,HALT_CIRCUIT_BREAKER
56,BTCUSDT,Candidate_C_v1.1_Fixed_Accounting,2026-04-22 08:00:00+00:00,2026-06-02 00:00:00+00:00,Long Spot / Short Perp,79234.3,70079.4,100000.0,0.0,69.83600000000001,20903918.0,7465685.0,-0.0,0.0,100.0,HOLD_CARRY,HALT_CIRCUIT_BREAKER
